tenant_id,company_id,id,filename,name,category,created_at,created_by,updated_at,updated_by
0,0,1,paklaring,Paklaring,paklaring,2018-01-01,0,,
0,0,2,paklaring-resign,Paklaring Terminate,paklaring,2018-01-01,0,,
1113223891,1000000000,3,paklaring,Paklaring,paklaring,2018-01-01,0,,
1113223891,1000000000,4,paklaring-resign,Paklaring Terminate,paklaring,2018-01-01,0,,
0,0,5,0,PKWT I,pkwt,2018-01-01,0,,
0,0,6,0,PKWT II,pkwt,2018-01-01,0,,
1308437910,1347209935,7,paklaring,Paklaring,paklaring,2018-01-01,0,,
1308437910,1347209935,8,paklaring-resign,Paklaring Terminate,paklaring,2018-01-01,0,,
1308437910,1347209935,9,pkwt-project-jepang,PKWT Project Jepang,pkwt,2018-01-01,0,,
1308437910,1347209935,10,pkwt-project-jakarta,PKWT Project Jakarta,pkwt,2018-01-01,0,,
1308437910,1161461929,11,paklaring,Paklaring,paklaring,2018-01-01,0,,
1308437910,1161461929,12,paklaring-resign,Paklaring Terminate,paklaring,2018-01-01,0,,
1308437910,1161461929,13,pkwt-project-jepang,PKWT Project Jepang,pkwt,2018-01-01,0,,
1308437910,1161461929,14,pkwt-project-jakarta,PKWT Project Jakarta,pkwt,2018-01-01,0,,
1308437910,1161461929,15,pkhl-project,PKHL,pkwt,2018-01-01,0,,
1308437910,1347209935,16,pkhl-project,PKHL,pkwt,2018-01-01,0,,